model,n_materials,n_valid_energy,n_valid_form_energy,energy_mae,energy_rmse,form_energy_mae,form_energy_rmse,energy_correlation,form_energy_correlation
Us,256963,256963,256963,0.3253335812976965,0.6420443899257283,0.045090318551698094,0.08843196937079062,0.9996722351573888,0.9954409895334003
SevenNet,256963,256962,256962,0.3366241905456839,0.6684933029803959,0.04641639676294549,0.09108958116130761,0.9996503952235876,0.9952445579639869
Orb,256963,256963,256963,0.3093667915186234,0.6589540933469931,0.043234482334032535,0.09074556444650504,0.9996486507990822,0.9951341593922247
MACE,256925,256925,256925,0.3985007089656515,0.7412312588891697,0.05466177020920503,0.09884274026129714,0.9995767005661232,0.9945245117292131
